<?xml version="1.0" encoding="UTF-8" ?>
<!DOCTYPE mapper PUBLIC "-//mybatis.org//DTD Mapper 3.0//EN" "http://mybatis.org/dtd/mybatis-3-mapper.dtd" >
<mapper namespace="com.y.billLoanMapper" >
  <resultMap id="BaseResultMap" type="com.y.billLoan" >
    <id column="id" property="id" jdbcType="INTEGER" />
    <result column="money" property="money" jdbcType="DECIMAL" />
    <result column="periods" property="periods" jdbcType="INTEGER" />
    <result column="loanType" property="loanType" jdbcType="BIT" />
    <result column="loanLandlordId" property="loanLandlordId" jdbcType="INTEGER" />
    <result column="rate" property="rate" jdbcType="INTEGER" />
    <result column="loanDay" property="loanDay" jdbcType="TIMESTAMP" />
    <result column="flatsId" property="flatsId" jdbcType="INTEGER" />
    <result column="auditorId" property="auditorId" jdbcType="INTEGER" />
    <result column="auditTime" property="auditTime" jdbcType="TIMESTAMP" />
    <result column="audit" property="audit" jdbcType="BIT" />
    <result column="createTime" property="createTime" jdbcType="TIMESTAMP" />
    <result column="status" property="status" jdbcType="BIT" />
    <result column="remark" property="remark" jdbcType="VARCHAR" />
    <result column="collectionDay" property="collectionDay" jdbcType="TIMESTAMP" />
    <result column="isPayLoan" property="isPayLoan" jdbcType="BIT" />
    <result column="guarantee" property="guarantee" jdbcType="VARCHAR" />
    <result column="guaranteePhone" property="guaranteePhone" jdbcType="VARCHAR" />
  </resultMap>
  <sql id="Example_Where_Clause" >
    <where >
      <foreach collection="oredCriteria" item="criteria" separator="or" >
        <if test="criteria.valid" >
          <trim prefix="(" suffix=")" prefixOverrides="and" >
            <foreach collection="criteria.criteria" item="criterion" >
              <choose >
                <when test="criterion.noValue" >
                  and ${criterion.condition}
                </when>
                <when test="criterion.singleValue" >
                  and ${criterion.condition} #{criterion.value}
                </when>
                <when test="criterion.betweenValue" >
                  and ${criterion.condition} #{criterion.value} and #{criterion.secondValue}
                </when>
                <when test="criterion.listValue" >
                  and ${criterion.condition}
                  <foreach collection="criterion.value" item="listItem" open="(" close=")" separator="," >
                    #{listItem}
                  </foreach>
                </when>
              </choose>
            </foreach>
          </trim>
        </if>
      </foreach>
    </where>
  </sql>
  <sql id="Update_By_Example_Where_Clause" >
    <where >
      <foreach collection="example.oredCriteria" item="criteria" separator="or" >
        <if test="criteria.valid" >
          <trim prefix="(" suffix=")" prefixOverrides="and" >
            <foreach collection="criteria.criteria" item="criterion" >
              <choose >
                <when test="criterion.noValue" >
                  and ${criterion.condition}
                </when>
                <when test="criterion.singleValue" >
                  and ${criterion.condition} #{criterion.value}
                </when>
                <when test="criterion.betweenValue" >
                  and ${criterion.condition} #{criterion.value} and #{criterion.secondValue}
                </when>
                <when test="criterion.listValue" >
                  and ${criterion.condition}
                  <foreach collection="criterion.value" item="listItem" open="(" close=")" separator="," >
                    #{listItem}
                  </foreach>
                </when>
              </choose>
            </foreach>
          </trim>
        </if>
      </foreach>
    </where>
  </sql>
  <sql id="Base_Column_List" >
    id, money, periods, loanType, loanLandlordId, rate, loanDay, flatsId, auditorId, 
    auditTime, audit, createTime, status, remark, collectionDay, isPayLoan, guarantee, 
    guaranteePhone
  </sql>
  <select id="selectByExample" resultMap="BaseResultMap" parameterType="com.y.billLoanExample" >
    select
    <if test="distinct" >
      distinct
    </if>
    <include refid="Base_Column_List" />
    from bill_loan
    <if test="_parameter != null" >
      <include refid="Example_Where_Clause" />
    </if>
    <if test="orderByClause != null" >
      order by ${orderByClause}
    </if>
  </select>
  <select id="selectByPrimaryKey" resultMap="BaseResultMap" parameterType="java.lang.Integer" >
    select 
    <include refid="Base_Column_List" />
    from bill_loan
    where id = #{id,jdbcType=INTEGER}
  </select>
  <delete id="deleteByPrimaryKey" parameterType="java.lang.Integer" >
    delete from bill_loan
    where id = #{id,jdbcType=INTEGER}
  </delete>
  <delete id="deleteByExample" parameterType="com.y.billLoanExample" >
    delete from bill_loan
    <if test="_parameter != null" >
      <include refid="Example_Where_Clause" />
    </if>
  </delete>
  <insert id="insert" parameterType="com.y.billLoan" >
    insert into bill_loan (id, money, periods, 
      loanType, loanLandlordId, rate, 
      loanDay, flatsId, auditorId, 
      auditTime, audit, createTime, 
      status, remark, collectionDay, 
      isPayLoan, guarantee, guaranteePhone
      )
    values (#{id,jdbcType=INTEGER}, #{money,jdbcType=DECIMAL}, #{periods,jdbcType=INTEGER}, 
      #{loanType,jdbcType=BIT}, #{loanLandlordId,jdbcType=INTEGER}, #{rate,jdbcType=INTEGER}, 
      #{loanDay,jdbcType=TIMESTAMP}, #{flatsId,jdbcType=INTEGER}, #{auditorId,jdbcType=INTEGER}, 
      #{auditTime,jdbcType=TIMESTAMP}, #{audit,jdbcType=BIT}, #{createTime,jdbcType=TIMESTAMP}, 
      #{status,jdbcType=BIT}, #{remark,jdbcType=VARCHAR}, #{collectionDay,jdbcType=TIMESTAMP}, 
      #{isPayLoan,jdbcType=BIT}, #{guarantee,jdbcType=VARCHAR}, #{guaranteePhone,jdbcType=VARCHAR}
      )
  </insert>
  <insert id="insertSelective" parameterType="com.y.billLoan" >
    insert into bill_loan
    <trim prefix="(" suffix=")" suffixOverrides="," >
      <if test="id != null" >
        id,
      </if>
      <if test="money != null" >
        money,
      </if>
      <if test="periods != null" >
        periods,
      </if>
      <if test="loanType != null" >
        loanType,
      </if>
      <if test="loanLandlordId != null" >
        loanLandlordId,
      </if>
      <if test="rate != null" >
        rate,
      </if>
      <if test="loanDay != null" >
        loanDay,
      </if>
      <if test="flatsId != null" >
        flatsId,
      </if>
      <if test="auditorId != null" >
        auditorId,
      </if>
      <if test="auditTime != null" >
        auditTime,
      </if>
      <if test="audit != null" >
        audit,
      </if>
      <if test="createTime != null" >
        createTime,
      </if>
      <if test="status != null" >
        status,
      </if>
      <if test="remark != null" >
        remark,
      </if>
      <if test="collectionDay != null" >
        collectionDay,
      </if>
      <if test="isPayLoan != null" >
        isPayLoan,
      </if>
      <if test="guarantee != null" >
        guarantee,
      </if>
      <if test="guaranteePhone != null" >
        guaranteePhone,
      </if>
    </trim>
    <trim prefix="values (" suffix=")" suffixOverrides="," >
      <if test="id != null" >
        #{id,jdbcType=INTEGER},
      </if>
      <if test="money != null" >
        #{money,jdbcType=DECIMAL},
      </if>
      <if test="periods != null" >
        #{periods,jdbcType=INTEGER},
      </if>
      <if test="loanType != null" >
        #{loanType,jdbcType=BIT},
      </if>
      <if test="loanLandlordId != null" >
        #{loanLandlordId,jdbcType=INTEGER},
      </if>
      <if test="rate != null" >
        #{rate,jdbcType=INTEGER},
      </if>
      <if test="loanDay != null" >
        #{loanDay,jdbcType=TIMESTAMP},
      </if>
      <if test="flatsId != null" >
        #{flatsId,jdbcType=INTEGER},
      </if>
      <if test="auditorId != null" >
        #{auditorId,jdbcType=INTEGER},
      </if>
      <if test="auditTime != null" >
        #{auditTime,jdbcType=TIMESTAMP},
      </if>
      <if test="audit != null" >
        #{audit,jdbcType=BIT},
      </if>
      <if test="createTime != null" >
        #{createTime,jdbcType=TIMESTAMP},
      </if>
      <if test="status != null" >
        #{status,jdbcType=BIT},
      </if>
      <if test="remark != null" >
        #{remark,jdbcType=VARCHAR},
      </if>
      <if test="collectionDay != null" >
        #{collectionDay,jdbcType=TIMESTAMP},
      </if>
      <if test="isPayLoan != null" >
        #{isPayLoan,jdbcType=BIT},
      </if>
      <if test="guarantee != null" >
        #{guarantee,jdbcType=VARCHAR},
      </if>
      <if test="guaranteePhone != null" >
        #{guaranteePhone,jdbcType=VARCHAR},
      </if>
    </trim>
  </insert>
  <select id="countByExample" parameterType="com.y.billLoanExample" resultType="java.lang.Integer" >
    select count(*) from bill_loan
    <if test="_parameter != null" >
      <include refid="Example_Where_Clause" />
    </if>
  </select>
  <update id="updateByExampleSelective" parameterType="map" >
    update bill_loan
    <set >
      <if test="record.id != null" >
        id = #{record.id,jdbcType=INTEGER},
      </if>
      <if test="record.money != null" >
        money = #{record.money,jdbcType=DECIMAL},
      </if>
      <if test="record.periods != null" >
        periods = #{record.periods,jdbcType=INTEGER},
      </if>
      <if test="record.loanType != null" >
        loanType = #{record.loanType,jdbcType=BIT},
      </if>
      <if test="record.loanLandlordId != null" >
        loanLandlordId = #{record.loanLandlordId,jdbcType=INTEGER},
      </if>
      <if test="record.rate != null" >
        rate = #{record.rate,jdbcType=INTEGER},
      </if>
      <if test="record.loanDay != null" >
        loanDay = #{record.loanDay,jdbcType=TIMESTAMP},
      </if>
      <if test="record.flatsId != null" >
        flatsId = #{record.flatsId,jdbcType=INTEGER},
      </if>
      <if test="record.auditorId != null" >
        auditorId = #{record.auditorId,jdbcType=INTEGER},
      </if>
      <if test="record.auditTime != null" >
        auditTime = #{record.auditTime,jdbcType=TIMESTAMP},
      </if>
      <if test="record.audit != null" >
        audit = #{record.audit,jdbcType=BIT},
      </if>
      <if test="record.createTime != null" >
        createTime = #{record.createTime,jdbcType=TIMESTAMP},
      </if>
      <if test="record.status != null" >
        status = #{record.status,jdbcType=BIT},
      </if>
      <if test="record.remark != null" >
        remark = #{record.remark,jdbcType=VARCHAR},
      </if>
      <if test="record.collectionDay != null" >
        collectionDay = #{record.collectionDay,jdbcType=TIMESTAMP},
      </if>
      <if test="record.isPayLoan != null" >
        isPayLoan = #{record.isPayLoan,jdbcType=BIT},
      </if>
      <if test="record.guarantee != null" >
        guarantee = #{record.guarantee,jdbcType=VARCHAR},
      </if>
      <if test="record.guaranteePhone != null" >
        guaranteePhone = #{record.guaranteePhone,jdbcType=VARCHAR},
      </if>
    </set>
    <if test="_parameter != null" >
      <include refid="Update_By_Example_Where_Clause" />
    </if>
  </update>
  <update id="updateByExample" parameterType="map" >
    update bill_loan
    set id = #{record.id,jdbcType=INTEGER},
      money = #{record.money,jdbcType=DECIMAL},
      periods = #{record.periods,jdbcType=INTEGER},
      loanType = #{record.loanType,jdbcType=BIT},
      loanLandlordId = #{record.loanLandlordId,jdbcType=INTEGER},
      rate = #{record.rate,jdbcType=INTEGER},
      loanDay = #{record.loanDay,jdbcType=TIMESTAMP},
      flatsId = #{record.flatsId,jdbcType=INTEGER},
      auditorId = #{record.auditorId,jdbcType=INTEGER},
      auditTime = #{record.auditTime,jdbcType=TIMESTAMP},
      audit = #{record.audit,jdbcType=BIT},
      createTime = #{record.createTime,jdbcType=TIMESTAMP},
      status = #{record.status,jdbcType=BIT},
      remark = #{record.remark,jdbcType=VARCHAR},
      collectionDay = #{record.collectionDay,jdbcType=TIMESTAMP},
      isPayLoan = #{record.isPayLoan,jdbcType=BIT},
      guarantee = #{record.guarantee,jdbcType=VARCHAR},
      guaranteePhone = #{record.guaranteePhone,jdbcType=VARCHAR}
    <if test="_parameter != null" >
      <include refid="Update_By_Example_Where_Clause" />
    </if>
  </update>
  <update id="updateByPrimaryKeySelective" parameterType="com.y.billLoan" >
    update bill_loan
    <set >
      <if test="money != null" >
        money = #{money,jdbcType=DECIMAL},
      </if>
      <if test="periods != null" >
        periods = #{periods,jdbcType=INTEGER},
      </if>
      <if test="loanType != null" >
        loanType = #{loanType,jdbcType=BIT},
      </if>
      <if test="loanLandlordId != null" >
        loanLandlordId = #{loanLandlordId,jdbcType=INTEGER},
      </if>
      <if test="rate != null" >
        rate = #{rate,jdbcType=INTEGER},
      </if>
      <if test="loanDay != null" >
        loanDay = #{loanDay,jdbcType=TIMESTAMP},
      </if>
      <if test="flatsId != null" >
        flatsId = #{flatsId,jdbcType=INTEGER},
      </if>
      <if test="auditorId != null" >
        auditorId = #{auditorId,jdbcType=INTEGER},
      </if>
      <if test="auditTime != null" >
        auditTime = #{auditTime,jdbcType=TIMESTAMP},
      </if>
      <if test="audit != null" >
        audit = #{audit,jdbcType=BIT},
      </if>
      <if test="createTime != null" >
        createTime = #{createTime,jdbcType=TIMESTAMP},
      </if>
      <if test="status != null" >
        status = #{status,jdbcType=BIT},
      </if>
      <if test="remark != null" >
        remark = #{remark,jdbcType=VARCHAR},
      </if>
      <if test="collectionDay != null" >
        collectionDay = #{collectionDay,jdbcType=TIMESTAMP},
      </if>
      <if test="isPayLoan != null" >
        isPayLoan = #{isPayLoan,jdbcType=BIT},
      </if>
      <if test="guarantee != null" >
        guarantee = #{guarantee,jdbcType=VARCHAR},
      </if>
      <if test="guaranteePhone != null" >
        guaranteePhone = #{guaranteePhone,jdbcType=VARCHAR},
      </if>
    </set>
    where id = #{id,jdbcType=INTEGER}
  </update>
  <update id="updateByPrimaryKey" parameterType="com.y.billLoan" >
    update bill_loan
    set money = #{money,jdbcType=DECIMAL},
      periods = #{periods,jdbcType=INTEGER},
      loanType = #{loanType,jdbcType=BIT},
      loanLandlordId = #{loanLandlordId,jdbcType=INTEGER},
      rate = #{rate,jdbcType=INTEGER},
      loanDay = #{loanDay,jdbcType=TIMESTAMP},
      flatsId = #{flatsId,jdbcType=INTEGER},
      auditorId = #{auditorId,jdbcType=INTEGER},
      auditTime = #{auditTime,jdbcType=TIMESTAMP},
      audit = #{audit,jdbcType=BIT},
      createTime = #{createTime,jdbcType=TIMESTAMP},
      status = #{status,jdbcType=BIT},
      remark = #{remark,jdbcType=VARCHAR},
      collectionDay = #{collectionDay,jdbcType=TIMESTAMP},
      isPayLoan = #{isPayLoan,jdbcType=BIT},
      guarantee = #{guarantee,jdbcType=VARCHAR},
      guaranteePhone = #{guaranteePhone,jdbcType=VARCHAR}
    where id = #{id,jdbcType=INTEGER}
  </update>
</mapper>